,id,dominant_driver,area_ha,year
0,0,1,50746.97965999999,2001
1,0,1,52369.48153999999,2002
2,0,1,27808.863960000002,2003
3,0,1,53260.09200999999,2004
4,0,1,131759.54737,2005
5,0,1,31193.712120000004,2006
6,0,1,26154.211049999998,2007
7,0,1,40511.991420000006,2008
8,0,1,26051.76674,2009
9,0,1,33414.64739,2010
10,0,1,30337.628969999998,2011
11,0,1,45840.08646,2012
12,0,1,39369.830069999996,2013
13,0,1,50158.022520000006,2014
14,0,1,40586.2005,2015
15,0,1,70912.85244999999,2016
16,0,1,68876.216,2017
17,0,1,69335.51063,2018
18,0,1,68782.92632,2019
19,0,1,72789.04735000001,2020
20,0,1,95323.69173,2021
21,0,2,18527.57554,2001
22,0,2,18064.29454,2002
23,0,2,10717.94385,2003
24,0,2,15025.864379999997,2004
25,0,2,41108.683419999994,2005
26,0,2,10359.701200000001,2006
27,0,2,10095.345530000002,2007
28,0,2,15310.51449,2008
29,0,2,10723.661509999998,2009
30,0,2,10260.848859999996,2010
31,0,2,9279.12129,2011
32,0,2,18979.110850000005,2012
33,0,2,13196.684379999999,2013
34,0,2,17124.37219,2014
35,0,2,12845.18896,2015
36,0,2,26801.7363,2016
37,0,2,26480.80648,2017
38,0,2,23760.492890000005,2018
39,0,2,23518.136479999997,2019
40,0,2,25390.561519999996,2020
41,0,2,33394.02461,2021
42,0,4,121.11111000000001,2001
43,0,4,9.60719,2002
44,0,4,27.08168,2003
45,0,4,22.84544,2004
46,0,4,109.15886,2005
47,0,4,19.59262,2006
48,0,4,28.0651,2007
49,0,4,13.23825,2008
50,0,4,8.92637,2009
51,0,4,43.49712,2010
52,0,4,42.81629,2011
53,0,4,39.71476,2012
54,0,4,87.82636,2013
55,0,4,38.12617,2014
56,0,4,21.3325,2015
57,0,4,74.28551999999999,2016
58,0,4,95.31543,2017
59,0,4,36.15934,2018
60,0,4,9.4559,2019
61,0,4,10.21237,2020
62,0,4,17.24755,2021
63,1,1,50746.97965999999,2001
64,1,1,52369.48153999999,2002
65,1,1,27808.863960000002,2003
66,1,1,53260.09200999999,2004
67,1,1,131759.54737,2005
68,1,1,31193.712120000004,2006
69,1,1,26154.211049999998,2007
70,1,1,40511.991420000006,2008
71,1,1,26051.76674,2009
72,1,1,33414.64739,2010
73,1,1,30337.628969999998,2011
74,1,1,45840.08646,2012
75,1,1,39369.830069999996,2013
76,1,1,50158.022520000006,2014
77,1,1,40586.2005,2015
78,1,1,70912.85244999999,2016
79,1,1,68876.216,2017
80,1,1,69335.51063,2018
81,1,1,68782.92632,2019
82,1,1,72789.04735000001,2020
83,1,1,95323.69173,2021
84,1,2,18527.57554,2001
85,1,2,18064.29454,2002
86,1,2,10717.94385,2003
87,1,2,15025.864379999997,2004
88,1,2,41108.683419999994,2005
89,1,2,10359.701200000001,2006
90,1,2,10095.345530000002,2007
91,1,2,15310.51449,2008
92,1,2,10723.661509999998,2009
93,1,2,10260.848859999996,2010
94,1,2,9279.12129,2011
95,1,2,18979.110850000005,2012
96,1,2,13196.684379999999,2013
97,1,2,17124.37219,2014
98,1,2,12845.18896,2015
99,1,2,26801.7363,2016
100,1,2,26480.80648,2017
101,1,2,23760.492890000005,2018
102,1,2,23518.136479999997,2019
103,1,2,25390.561519999996,2020
104,1,2,33394.02461,2021
105,1,4,121.11111000000001,2001
106,1,4,9.60719,2002
107,1,4,27.08168,2003
108,1,4,22.84544,2004
109,1,4,109.15886,2005
110,1,4,19.59262,2006
111,1,4,28.0651,2007
112,1,4,13.23825,2008
113,1,4,8.92637,2009
114,1,4,43.49712,2010
115,1,4,42.81629,2011
116,1,4,39.71476,2012
117,1,4,87.82636,2013
118,1,4,38.12617,2014
119,1,4,21.3325,2015
120,1,4,74.28551999999999,2016
121,1,4,95.31543,2017
122,1,4,36.15934,2018
123,1,4,9.4559,2019
124,1,4,10.21237,2020
125,1,4,17.24755,2021
126,2,1,50746.97965999999,2001
127,2,1,52369.48153999999,2002
128,2,1,27808.863960000002,2003
129,2,1,53260.09200999999,2004
130,2,1,131759.54737,2005
131,2,1,31193.712120000004,2006
132,2,1,26154.211049999998,2007
133,2,1,40511.991420000006,2008
134,2,1,26051.76674,2009
135,2,1,33414.64739,2010
136,2,1,30337.628969999998,2011
137,2,1,45840.08646,2012
138,2,1,39369.830069999996,2013
139,2,1,50158.022520000006,2014
140,2,1,40586.2005,2015
141,2,1,70912.85244999999,2016
142,2,1,68876.216,2017
143,2,1,69335.51063,2018
144,2,1,68782.92632,2019
145,2,1,72789.04735000001,2020
146,2,1,95323.69173,2021
147,2,2,18527.57554,2001
148,2,2,18064.29454,2002
149,2,2,10717.94385,2003
150,2,2,15025.864379999997,2004
151,2,2,41108.683419999994,2005
152,2,2,10359.701200000001,2006
153,2,2,10095.345530000002,2007
154,2,2,15310.51449,2008
155,2,2,10723.661509999998,2009
156,2,2,10260.848859999996,2010
157,2,2,9279.12129,2011
158,2,2,18979.110850000005,2012
159,2,2,13196.684379999999,2013
160,2,2,17124.37219,2014
161,2,2,12845.18896,2015
162,2,2,26801.7363,2016
163,2,2,26480.80648,2017
164,2,2,23760.492890000005,2018
165,2,2,23518.136479999997,2019
166,2,2,25390.561519999996,2020
167,2,2,33394.02461,2021
168,2,4,121.11111000000001,2001
169,2,4,9.60719,2002
170,2,4,27.08168,2003
171,2,4,22.84544,2004
172,2,4,109.15886,2005
173,2,4,19.59262,2006
174,2,4,28.0651,2007
175,2,4,13.23825,2008
176,2,4,8.92637,2009
177,2,4,43.49712,2010
178,2,4,42.81629,2011
179,2,4,39.71476,2012
180,2,4,87.82636,2013
181,2,4,38.12617,2014
182,2,4,21.3325,2015
183,2,4,74.28551999999999,2016
184,2,4,95.31543,2017
185,2,4,36.15934,2018
186,2,4,9.4559,2019
187,2,4,10.21237,2020
188,2,4,17.24755,2021
189,3,1,50746.97965999999,2001
190,3,1,52369.48153999999,2002
191,3,1,27808.863960000002,2003
192,3,1,53260.09200999999,2004
193,3,1,131759.54737,2005
194,3,1,31193.712120000004,2006
195,3,1,26154.211049999998,2007
196,3,1,40511.991420000006,2008
197,3,1,26051.76674,2009
198,3,1,33414.64739,2010
199,3,1,30337.628969999998,2011
200,3,1,45840.08646,2012
201,3,1,39369.830069999996,2013
202,3,1,50158.022520000006,2014
203,3,1,40586.2005,2015
204,3,1,70912.85244999999,2016
205,3,1,68876.216,2017
206,3,1,69335.51063,2018
207,3,1,68782.92632,2019
208,3,1,72789.04735000001,2020
209,3,1,95323.69173,2021
210,3,2,18527.57554,2001
211,3,2,18064.29454,2002
212,3,2,10717.94385,2003
213,3,2,15025.864379999997,2004
214,3,2,41108.683419999994,2005
215,3,2,10359.701200000001,2006
216,3,2,10095.345530000002,2007
217,3,2,15310.51449,2008
218,3,2,10723.661509999998,2009
219,3,2,10260.848859999996,2010
220,3,2,9279.12129,2011
221,3,2,18979.110850000005,2012
222,3,2,13196.684379999999,2013
223,3,2,17124.37219,2014
224,3,2,12845.18896,2015
225,3,2,26801.7363,2016
226,3,2,26480.80648,2017
227,3,2,23760.492890000005,2018
228,3,2,23518.136479999997,2019
229,3,2,25390.561519999996,2020
230,3,2,33394.02461,2021
231,3,4,121.11111000000001,2001
232,3,4,9.60719,2002
233,3,4,27.08168,2003
234,3,4,22.84544,2004
235,3,4,109.15886,2005
236,3,4,19.59262,2006
237,3,4,28.0651,2007
238,3,4,13.23825,2008
239,3,4,8.92637,2009
240,3,4,43.49712,2010
241,3,4,42.81629,2011
242,3,4,39.71476,2012
243,3,4,87.82636,2013
244,3,4,38.12617,2014
245,3,4,21.3325,2015
246,3,4,74.28551999999999,2016
247,3,4,95.31543,2017
248,3,4,36.15934,2018
249,3,4,9.4559,2019
250,3,4,10.21237,2020
251,3,4,17.24755,2021
252,4,1,50746.97965999999,2001
253,4,1,52369.48153999999,2002
254,4,1,27808.863960000002,2003
255,4,1,53260.09200999999,2004
256,4,1,131759.54737,2005
257,4,1,31193.712120000004,2006
258,4,1,26154.211049999998,2007
259,4,1,40511.991420000006,2008
260,4,1,26051.76674,2009
261,4,1,33414.64739,2010
262,4,1,30337.628969999998,2011
263,4,1,45840.08646,2012
264,4,1,39369.830069999996,2013
265,4,1,50158.022520000006,2014
266,4,1,40586.2005,2015
267,4,1,70912.85244999999,2016
268,4,1,68876.216,2017
269,4,1,69335.51063,2018
270,4,1,68782.92632,2019
271,4,1,72789.04735000001,2020
272,4,1,95323.69173,2021
273,4,2,18527.57554,2001
274,4,2,18064.29454,2002
275,4,2,10717.94385,2003
276,4,2,15025.864379999997,2004
277,4,2,41108.683419999994,2005
278,4,2,10359.701200000001,2006
279,4,2,10095.345530000002,2007
280,4,2,15310.51449,2008
281,4,2,10723.661509999998,2009
282,4,2,10260.848859999996,2010
283,4,2,9279.12129,2011
284,4,2,18979.110850000005,2012
285,4,2,13196.684379999999,2013
286,4,2,17124.37219,2014
287,4,2,12845.18896,2015
288,4,2,26801.7363,2016
289,4,2,26480.80648,2017
290,4,2,23760.492890000005,2018
291,4,2,23518.136479999997,2019
292,4,2,25390.561519999996,2020
293,4,2,33394.02461,2021
294,4,4,121.11111000000001,2001
295,4,4,9.60719,2002
296,4,4,27.08168,2003
297,4,4,22.84544,2004
298,4,4,109.15886,2005
299,4,4,19.59262,2006
300,4,4,28.0651,2007
301,4,4,13.23825,2008
302,4,4,8.92637,2009
303,4,4,43.49712,2010
304,4,4,42.81629,2011
305,4,4,39.71476,2012
306,4,4,87.82636,2013
307,4,4,38.12617,2014
308,4,4,21.3325,2015
309,4,4,74.28551999999999,2016
310,4,4,95.31543,2017
311,4,4,36.15934,2018
312,4,4,9.4559,2019
313,4,4,10.21237,2020
314,4,4,17.24755,2021
315,5,1,50746.97965999999,2001
316,5,1,52369.48153999999,2002
317,5,1,27808.863960000002,2003
318,5,1,53260.09200999999,2004
319,5,1,131759.54737,2005
320,5,1,31193.712120000004,2006
321,5,1,26154.211049999998,2007
322,5,1,40511.991420000006,2008
323,5,1,26051.76674,2009
324,5,1,33414.64739,2010
325,5,1,30337.628969999998,2011
326,5,1,45840.08646,2012
327,5,1,39369.830069999996,2013
328,5,1,50158.022520000006,2014
329,5,1,40586.2005,2015
330,5,1,70912.85244999999,2016
331,5,1,68876.216,2017
332,5,1,69335.51063,2018
333,5,1,68782.92632,2019
334,5,1,72789.04735000001,2020
335,5,1,95323.69173,2021
336,5,2,18527.57554,2001
337,5,2,18064.29454,2002
338,5,2,10717.94385,2003
339,5,2,15025.864379999997,2004
340,5,2,41108.683419999994,2005
341,5,2,10359.701200000001,2006
342,5,2,10095.345530000002,2007
343,5,2,15310.51449,2008
344,5,2,10723.661509999998,2009
345,5,2,10260.848859999996,2010
346,5,2,9279.12129,2011
347,5,2,18979.110850000005,2012
348,5,2,13196.684379999999,2013
349,5,2,17124.37219,2014
350,5,2,12845.18896,2015
351,5,2,26801.7363,2016
352,5,2,26480.80648,2017
353,5,2,23760.492890000005,2018
354,5,2,23518.136479999997,2019
355,5,2,25390.561519999996,2020
356,5,2,33394.02461,2021
357,5,4,121.11111000000001,2001
358,5,4,9.60719,2002
359,5,4,27.08168,2003
360,5,4,22.84544,2004
361,5,4,109.15886,2005
362,5,4,19.59262,2006
363,5,4,28.0651,2007
364,5,4,13.23825,2008
365,5,4,8.92637,2009
366,5,4,43.49712,2010
367,5,4,42.81629,2011
368,5,4,39.71476,2012
369,5,4,87.82636,2013
370,5,4,38.12617,2014
371,5,4,21.3325,2015
372,5,4,74.28551999999999,2016
373,5,4,95.31543,2017
374,5,4,36.15934,2018
375,5,4,9.4559,2019
376,5,4,10.21237,2020
377,5,4,17.24755,2021
378,6,1,50746.97965999999,2001
379,6,1,52369.48153999999,2002
380,6,1,27808.863960000002,2003
381,6,1,53260.09200999999,2004
382,6,1,131759.54737,2005
383,6,1,31193.712120000004,2006
384,6,1,26154.211049999998,2007
385,6,1,40511.991420000006,2008
386,6,1,26051.76674,2009
387,6,1,33414.64739,2010
388,6,1,30337.628969999998,2011
389,6,1,45840.08646,2012
390,6,1,39369.830069999996,2013
391,6,1,50158.022520000006,2014
392,6,1,40586.2005,2015
393,6,1,70912.85244999999,2016
394,6,1,68876.216,2017
395,6,1,69335.51063,2018
396,6,1,68782.92632,2019
397,6,1,72789.04735000001,2020
398,6,1,95323.69173,2021
399,6,2,18527.57554,2001
400,6,2,18064.29454,2002
401,6,2,10717.94385,2003
402,6,2,15025.864379999997,2004
403,6,2,41108.683419999994,2005
404,6,2,10359.701200000001,2006
405,6,2,10095.345530000002,2007
406,6,2,15310.51449,2008
407,6,2,10723.661509999998,2009
408,6,2,10260.848859999996,2010
409,6,2,9279.12129,2011
410,6,2,18979.110850000005,2012
411,6,2,13196.684379999999,2013
412,6,2,17124.37219,2014
413,6,2,12845.18896,2015
414,6,2,26801.7363,2016
415,6,2,26480.80648,2017
416,6,2,23760.492890000005,2018
417,6,2,23518.136479999997,2019
418,6,2,25390.561519999996,2020
419,6,2,33394.02461,2021
420,6,4,121.11111000000001,2001
421,6,4,9.60719,2002
422,6,4,27.08168,2003
423,6,4,22.84544,2004
424,6,4,109.15886,2005
425,6,4,19.59262,2006
426,6,4,28.0651,2007
427,6,4,13.23825,2008
428,6,4,8.92637,2009
429,6,4,43.49712,2010
430,6,4,42.81629,2011
431,6,4,39.71476,2012
432,6,4,87.82636,2013
433,6,4,38.12617,2014
434,6,4,21.3325,2015
435,6,4,74.28551999999999,2016
436,6,4,95.31543,2017
437,6,4,36.15934,2018
438,6,4,9.4559,2019
439,6,4,10.21237,2020
440,6,4,17.24755,2021
441,7,1,50746.97965999999,2001
442,7,1,52369.48153999999,2002
443,7,1,27808.863960000002,2003
444,7,1,53260.09200999999,2004
445,7,1,131759.54737,2005
446,7,1,31193.712120000004,2006
447,7,1,26154.211049999998,2007
448,7,1,40511.991420000006,2008
449,7,1,26051.76674,2009
450,7,1,33414.64739,2010
451,7,1,30337.628969999998,2011
452,7,1,45840.08646,2012
453,7,1,39369.830069999996,2013
454,7,1,50158.022520000006,2014
455,7,1,40586.2005,2015
456,7,1,70912.85244999999,2016
457,7,1,68876.216,2017
458,7,1,69335.51063,2018
459,7,1,68782.92632,2019
460,7,1,72789.04735000001,2020
461,7,1,95323.69173,2021
462,7,2,18527.57554,2001
463,7,2,18064.29454,2002
464,7,2,10717.94385,2003
465,7,2,15025.864379999997,2004
466,7,2,41108.683419999994,2005
467,7,2,10359.701200000001,2006
468,7,2,10095.345530000002,2007
469,7,2,15310.51449,2008
470,7,2,10723.661509999998,2009
471,7,2,10260.848859999996,2010
472,7,2,9279.12129,2011
473,7,2,18979.110850000005,2012
474,7,2,13196.684379999999,2013
475,7,2,17124.37219,2014
476,7,2,12845.18896,2015
477,7,2,26801.7363,2016
478,7,2,26480.80648,2017
479,7,2,23760.492890000005,2018
480,7,2,23518.136479999997,2019
481,7,2,25390.561519999996,2020
482,7,2,33394.02461,2021
483,7,4,121.11111000000001,2001
484,7,4,9.60719,2002
485,7,4,27.08168,2003
486,7,4,22.84544,2004
487,7,4,109.15886,2005
488,7,4,19.59262,2006
489,7,4,28.0651,2007
490,7,4,13.23825,2008
491,7,4,8.92637,2009
492,7,4,43.49712,2010
493,7,4,42.81629,2011
494,7,4,39.71476,2012
495,7,4,87.82636,2013
496,7,4,38.12617,2014
497,7,4,21.3325,2015
498,7,4,74.28551999999999,2016
499,7,4,95.31543,2017
500,7,4,36.15934,2018
501,7,4,9.4559,2019
502,7,4,10.21237,2020
503,7,4,17.24755,2021
504,8,1,50746.97965999999,2001
505,8,1,52369.48153999999,2002
506,8,1,27808.863960000002,2003
507,8,1,53260.09200999999,2004
508,8,1,131759.54737,2005
509,8,1,31193.712120000004,2006
510,8,1,26154.211049999998,2007
511,8,1,40511.991420000006,2008
512,8,1,26051.76674,2009
513,8,1,33414.64739,2010
514,8,1,30337.628969999998,2011
515,8,1,45840.08646,2012
516,8,1,39369.830069999996,2013
517,8,1,50158.022520000006,2014
518,8,1,40586.2005,2015
519,8,1,70912.85244999999,2016
520,8,1,68876.216,2017
521,8,1,69335.51063,2018
522,8,1,68782.92632,2019
523,8,1,72789.04735000001,2020
524,8,1,95323.69173,2021
525,8,2,18527.57554,2001
526,8,2,18064.29454,2002
527,8,2,10717.94385,2003
528,8,2,15025.864379999997,2004
529,8,2,41108.683419999994,2005
530,8,2,10359.701200000001,2006
531,8,2,10095.345530000002,2007
532,8,2,15310.51449,2008
533,8,2,10723.661509999998,2009
534,8,2,10260.848859999996,2010
535,8,2,9279.12129,2011
536,8,2,18979.110850000005,2012
537,8,2,13196.684379999999,2013
538,8,2,17124.37219,2014
539,8,2,12845.18896,2015
540,8,2,26801.7363,2016
541,8,2,26480.80648,2017
542,8,2,23760.492890000005,2018
543,8,2,23518.136479999997,2019
544,8,2,25390.561519999996,2020
545,8,2,33394.02461,2021
546,8,4,121.11111000000001,2001
547,8,4,9.60719,2002
548,8,4,27.08168,2003
549,8,4,22.84544,2004
550,8,4,109.15886,2005
551,8,4,19.59262,2006
552,8,4,28.0651,2007
553,8,4,13.23825,2008
554,8,4,8.92637,2009
555,8,4,43.49712,2010
556,8,4,42.81629,2011
557,8,4,39.71476,2012
558,8,4,87.82636,2013
559,8,4,38.12617,2014
560,8,4,21.3325,2015
561,8,4,74.28551999999999,2016
562,8,4,95.31543,2017
563,8,4,36.15934,2018
564,8,4,9.4559,2019
565,8,4,10.21237,2020
566,8,4,17.24755,2021
567,9,1,50746.97965999999,2001
568,9,1,52369.48153999999,2002
569,9,1,27808.863960000002,2003
570,9,1,53260.09200999999,2004
571,9,1,131759.54737,2005
572,9,1,31193.712120000004,2006
573,9,1,26154.211049999998,2007
574,9,1,40511.991420000006,2008
575,9,1,26051.76674,2009
576,9,1,33414.64739,2010
577,9,1,30337.628969999998,2011
578,9,1,45840.08646,2012
579,9,1,39369.830069999996,2013
580,9,1,50158.022520000006,2014
581,9,1,40586.2005,2015
582,9,1,70912.85244999999,2016
583,9,1,68876.216,2017
584,9,1,69335.51063,2018
585,9,1,68782.92632,2019
586,9,1,72789.04735000001,2020
587,9,1,95323.69173,2021
588,9,2,18527.57554,2001
589,9,2,18064.29454,2002
590,9,2,10717.94385,2003
591,9,2,15025.864379999997,2004
592,9,2,41108.683419999994,2005
593,9,2,10359.701200000001,2006
594,9,2,10095.345530000002,2007
595,9,2,15310.51449,2008
596,9,2,10723.661509999998,2009
597,9,2,10260.848859999996,2010
598,9,2,9279.12129,2011
599,9,2,18979.110850000005,2012
600,9,2,13196.684379999999,2013
601,9,2,17124.37219,2014
602,9,2,12845.18896,2015
603,9,2,26801.7363,2016
604,9,2,26480.80648,2017
605,9,2,23760.492890000005,2018
606,9,2,23518.136479999997,2019
607,9,2,25390.561519999996,2020
608,9,2,33394.02461,2021
609,9,4,121.11111000000001,2001
610,9,4,9.60719,2002
611,9,4,27.08168,2003
612,9,4,22.84544,2004
613,9,4,109.15886,2005
614,9,4,19.59262,2006
615,9,4,28.0651,2007
616,9,4,13.23825,2008
617,9,4,8.92637,2009
618,9,4,43.49712,2010
619,9,4,42.81629,2011
620,9,4,39.71476,2012
621,9,4,87.82636,2013
622,9,4,38.12617,2014
623,9,4,21.3325,2015
624,9,4,74.28551999999999,2016
625,9,4,95.31543,2017
626,9,4,36.15934,2018
627,9,4,9.4559,2019
628,9,4,10.21237,2020
629,9,4,17.24755,2021
630,10,1,50746.97965999999,2001
631,10,1,52369.48153999999,2002
632,10,1,27808.863960000002,2003
633,10,1,53260.09200999999,2004
634,10,1,131759.54737,2005
635,10,1,31193.712120000004,2006
636,10,1,26154.211049999998,2007
637,10,1,40511.991420000006,2008
638,10,1,26051.76674,2009
639,10,1,33414.64739,2010
640,10,1,30337.628969999998,2011
641,10,1,45840.08646,2012
642,10,1,39369.830069999996,2013
643,10,1,50158.022520000006,2014
644,10,1,40586.2005,2015
645,10,1,70912.85244999999,2016
646,10,1,68876.216,2017
647,10,1,69335.51063,2018
648,10,1,68782.92632,2019
649,10,1,72789.04735000001,2020
650,10,1,95323.69173,2021
651,10,2,18527.57554,2001
652,10,2,18064.29454,2002
653,10,2,10717.94385,2003
654,10,2,15025.864379999997,2004
655,10,2,41108.683419999994,2005
656,10,2,10359.701200000001,2006
657,10,2,10095.345530000002,2007
658,10,2,15310.51449,2008
659,10,2,10723.661509999998,2009
660,10,2,10260.848859999996,2010
661,10,2,9279.12129,2011
662,10,2,18979.110850000005,2012
663,10,2,13196.684379999999,2013
664,10,2,17124.37219,2014
665,10,2,12845.18896,2015
666,10,2,26801.7363,2016
667,10,2,26480.80648,2017
668,10,2,23760.492890000005,2018
669,10,2,23518.136479999997,2019
670,10,2,25390.561519999996,2020
671,10,2,33394.02461,2021
672,10,4,121.11111000000001,2001
673,10,4,9.60719,2002
674,10,4,27.08168,2003
675,10,4,22.84544,2004
676,10,4,109.15886,2005
677,10,4,19.59262,2006
678,10,4,28.0651,2007
679,10,4,13.23825,2008
680,10,4,8.92637,2009
681,10,4,43.49712,2010
682,10,4,42.81629,2011
683,10,4,39.71476,2012
684,10,4,87.82636,2013
685,10,4,38.12617,2014
686,10,4,21.3325,2015
687,10,4,74.28551999999999,2016
688,10,4,95.31543,2017
689,10,4,36.15934,2018
690,10,4,9.4559,2019
691,10,4,10.21237,2020
692,10,4,17.24755,2021
693,11,1,50746.97965999999,2001
694,11,1,52369.48153999999,2002
695,11,1,27808.863960000002,2003
696,11,1,53260.09200999999,2004
697,11,1,131759.54737,2005
698,11,1,31193.712120000004,2006
699,11,1,26154.211049999998,2007
700,11,1,40511.991420000006,2008
701,11,1,26051.76674,2009
702,11,1,33414.64739,2010
703,11,1,30337.628969999998,2011
704,11,1,45840.08646,2012
705,11,1,39369.830069999996,2013
706,11,1,50158.022520000006,2014
707,11,1,40586.2005,2015
708,11,1,70912.85244999999,2016
709,11,1,68876.216,2017
710,11,1,69335.51063,2018
711,11,1,68782.92632,2019
712,11,1,72789.04735000001,2020
713,11,1,95323.69173,2021
714,11,2,18527.57554,2001
715,11,2,18064.29454,2002
716,11,2,10717.94385,2003
717,11,2,15025.864379999997,2004
718,11,2,41108.683419999994,2005
719,11,2,10359.701200000001,2006
720,11,2,10095.345530000002,2007
721,11,2,15310.51449,2008
722,11,2,10723.661509999998,2009
723,11,2,10260.848859999996,2010
724,11,2,9279.12129,2011
725,11,2,18979.110850000005,2012
726,11,2,13196.684379999999,2013
727,11,2,17124.37219,2014
728,11,2,12845.18896,2015
729,11,2,26801.7363,2016
730,11,2,26480.80648,2017
731,11,2,23760.492890000005,2018
732,11,2,23518.136479999997,2019
733,11,2,25390.561519999996,2020
734,11,2,33394.02461,2021
735,11,4,121.11111000000001,2001
736,11,4,9.60719,2002
737,11,4,27.08168,2003
738,11,4,22.84544,2004
739,11,4,109.15886,2005
740,11,4,19.59262,2006
741,11,4,28.0651,2007
742,11,4,13.23825,2008
743,11,4,8.92637,2009
744,11,4,43.49712,2010
745,11,4,42.81629,2011
746,11,4,39.71476,2012
747,11,4,87.82636,2013
748,11,4,38.12617,2014
749,11,4,21.3325,2015
750,11,4,74.28551999999999,2016
751,11,4,95.31543,2017
752,11,4,36.15934,2018
753,11,4,9.4559,2019
754,11,4,10.21237,2020
755,11,4,17.24755,2021
756,12,1,50746.97965999999,2001
757,12,1,52369.48153999999,2002
758,12,1,27808.863960000002,2003
759,12,1,53260.09200999999,2004
760,12,1,131759.54737,2005
761,12,1,31193.712120000004,2006
762,12,1,26154.211049999998,2007
763,12,1,40511.991420000006,2008
764,12,1,26051.76674,2009
765,12,1,33414.64739,2010
766,12,1,30337.628969999998,2011
767,12,1,45840.08646,2012
768,12,1,39369.830069999996,2013
769,12,1,50158.022520000006,2014
770,12,1,40586.2005,2015
771,12,1,70912.85244999999,2016
772,12,1,68876.216,2017
773,12,1,69335.51063,2018
774,12,1,68782.92632,2019
775,12,1,72789.04735000001,2020
776,12,1,95323.69173,2021
777,12,2,18527.57554,2001
778,12,2,18064.29454,2002
779,12,2,10717.94385,2003
780,12,2,15025.864379999997,2004
781,12,2,41108.683419999994,2005
782,12,2,10359.701200000001,2006
783,12,2,10095.345530000002,2007
784,12,2,15310.51449,2008
785,12,2,10723.661509999998,2009
786,12,2,10260.848859999996,2010
787,12,2,9279.12129,2011
788,12,2,18979.110850000005,2012
789,12,2,13196.684379999999,2013
790,12,2,17124.37219,2014
791,12,2,12845.18896,2015
792,12,2,26801.7363,2016
793,12,2,26480.80648,2017
794,12,2,23760.492890000005,2018
795,12,2,23518.136479999997,2019
796,12,2,25390.561519999996,2020
797,12,2,33394.02461,2021
798,12,4,121.11111000000001,2001
799,12,4,9.60719,2002
800,12,4,27.08168,2003
801,12,4,22.84544,2004
802,12,4,109.15886,2005
803,12,4,19.59262,2006
804,12,4,28.0651,2007
805,12,4,13.23825,2008
806,12,4,8.92637,2009
807,12,4,43.49712,2010
808,12,4,42.81629,2011
809,12,4,39.71476,2012
810,12,4,87.82636,2013
811,12,4,38.12617,2014
812,12,4,21.3325,2015
813,12,4,74.28551999999999,2016
814,12,4,95.31543,2017
815,12,4,36.15934,2018
816,12,4,9.4559,2019
817,12,4,10.21237,2020
818,12,4,17.24755,2021
819,13,1,50746.97965999999,2001
820,13,1,52369.48153999999,2002
821,13,1,27808.863960000002,2003
822,13,1,53260.09200999999,2004
823,13,1,131759.54737,2005
824,13,1,31193.712120000004,2006
825,13,1,26154.211049999998,2007
826,13,1,40511.991420000006,2008
827,13,1,26051.76674,2009
828,13,1,33414.64739,2010
829,13,1,30337.628969999998,2011
830,13,1,45840.08646,2012
831,13,1,39369.830069999996,2013
832,13,1,50158.022520000006,2014
833,13,1,40586.2005,2015
834,13,1,70912.85244999999,2016
835,13,1,68876.216,2017
836,13,1,69335.51063,2018
837,13,1,68782.92632,2019
838,13,1,72789.04735000001,2020
839,13,1,95323.69173,2021
840,13,2,18527.57554,2001
841,13,2,18064.29454,2002
842,13,2,10717.94385,2003
843,13,2,15025.864379999997,2004
844,13,2,41108.683419999994,2005
845,13,2,10359.701200000001,2006
846,13,2,10095.345530000002,2007
847,13,2,15310.51449,2008
848,13,2,10723.661509999998,2009
849,13,2,10260.848859999996,2010
850,13,2,9279.12129,2011
851,13,2,18979.110850000005,2012
852,13,2,13196.684379999999,2013
853,13,2,17124.37219,2014
854,13,2,12845.18896,2015
855,13,2,26801.7363,2016
856,13,2,26480.80648,2017
857,13,2,23760.492890000005,2018
858,13,2,23518.136479999997,2019
859,13,2,25390.561519999996,2020
860,13,2,33394.02461,2021
861,13,4,121.11111000000001,2001
862,13,4,9.60719,2002
863,13,4,27.08168,2003
864,13,4,22.84544,2004
865,13,4,109.15886,2005
866,13,4,19.59262,2006
867,13,4,28.0651,2007
868,13,4,13.23825,2008
869,13,4,8.92637,2009
870,13,4,43.49712,2010
871,13,4,42.81629,2011
872,13,4,39.71476,2012
873,13,4,87.82636,2013
874,13,4,38.12617,2014
875,13,4,21.3325,2015
876,13,4,74.28551999999999,2016
877,13,4,95.31543,2017
878,13,4,36.15934,2018
879,13,4,9.4559,2019
880,13,4,10.21237,2020
881,13,4,17.24755,2021
882,14,1,50746.97965999999,2001
883,14,1,52369.48153999999,2002
884,14,1,27808.863960000002,2003
885,14,1,53260.09200999999,2004
886,14,1,131759.54737,2005
887,14,1,31193.712120000004,2006
888,14,1,26154.211049999998,2007
889,14,1,40511.991420000006,2008
890,14,1,26051.76674,2009
891,14,1,33414.64739,2010
892,14,1,30337.628969999998,2011
893,14,1,45840.08646,2012
894,14,1,39369.830069999996,2013
895,14,1,50158.022520000006,2014
896,14,1,40586.2005,2015
897,14,1,70912.85244999999,2016
898,14,1,68876.216,2017
899,14,1,69335.51063,2018
900,14,1,68782.92632,2019
901,14,1,72789.04735000001,2020
902,14,1,95323.69173,2021
903,14,2,18527.57554,2001
904,14,2,18064.29454,2002
905,14,2,10717.94385,2003
906,14,2,15025.864379999997,2004
907,14,2,41108.683419999994,2005
908,14,2,10359.701200000001,2006
909,14,2,10095.345530000002,2007
910,14,2,15310.51449,2008
911,14,2,10723.661509999998,2009
912,14,2,10260.848859999996,2010
913,14,2,9279.12129,2011
914,14,2,18979.110850000005,2012
915,14,2,13196.684379999999,2013
916,14,2,17124.37219,2014
917,14,2,12845.18896,2015
918,14,2,26801.7363,2016
919,14,2,26480.80648,2017
920,14,2,23760.492890000005,2018
921,14,2,23518.136479999997,2019
922,14,2,25390.561519999996,2020
923,14,2,33394.02461,2021
924,14,4,121.11111000000001,2001
925,14,4,9.60719,2002
926,14,4,27.08168,2003
927,14,4,22.84544,2004
928,14,4,109.15886,2005
929,14,4,19.59262,2006
930,14,4,28.0651,2007
931,14,4,13.23825,2008
932,14,4,8.92637,2009
933,14,4,43.49712,2010
934,14,4,42.81629,2011
935,14,4,39.71476,2012
936,14,4,87.82636,2013
937,14,4,38.12617,2014
938,14,4,21.3325,2015
939,14,4,74.28551999999999,2016
940,14,4,95.31543,2017
941,14,4,36.15934,2018
942,14,4,9.4559,2019
943,14,4,10.21237,2020
944,14,4,17.24755,2021
945,15,1,50746.97965999999,2001
946,15,1,52369.48153999999,2002
947,15,1,27808.863960000002,2003
948,15,1,53260.09200999999,2004
949,15,1,131759.54737,2005
950,15,1,31193.712120000004,2006
951,15,1,26154.211049999998,2007
952,15,1,40511.991420000006,2008
953,15,1,26051.76674,2009
954,15,1,33414.64739,2010
955,15,1,30337.628969999998,2011
956,15,1,45840.08646,2012
957,15,1,39369.830069999996,2013
958,15,1,50158.022520000006,2014
959,15,1,40586.2005,2015
960,15,1,70912.85244999999,2016
961,15,1,68876.216,2017
962,15,1,69335.51063,2018
963,15,1,68782.92632,2019
964,15,1,72789.04735000001,2020
965,15,1,95323.69173,2021
966,15,2,18527.57554,2001
967,15,2,18064.29454,2002
968,15,2,10717.94385,2003
969,15,2,15025.864379999997,2004
970,15,2,41108.683419999994,2005
971,15,2,10359.701200000001,2006
972,15,2,10095.345530000002,2007
973,15,2,15310.51449,2008
974,15,2,10723.661509999998,2009
975,15,2,10260.848859999996,2010
976,15,2,9279.12129,2011
977,15,2,18979.110850000005,2012
978,15,2,13196.684379999999,2013
979,15,2,17124.37219,2014
980,15,2,12845.18896,2015
981,15,2,26801.7363,2016
982,15,2,26480.80648,2017
983,15,2,23760.492890000005,2018
984,15,2,23518.136479999997,2019
985,15,2,25390.561519999996,2020
986,15,2,33394.02461,2021
987,15,4,121.11111000000001,2001
988,15,4,9.60719,2002
989,15,4,27.08168,2003
990,15,4,22.84544,2004
991,15,4,109.15886,2005
992,15,4,19.59262,2006
993,15,4,28.0651,2007
994,15,4,13.23825,2008
995,15,4,8.92637,2009
996,15,4,43.49712,2010
997,15,4,42.81629,2011
998,15,4,39.71476,2012
999,15,4,87.82636,2013
1000,15,4,38.12617,2014
1001,15,4,21.3325,2015
1002,15,4,74.28551999999999,2016
1003,15,4,95.31543,2017
1004,15,4,36.15934,2018
1005,15,4,9.4559,2019
1006,15,4,10.21237,2020
1007,15,4,17.24755,2021
1008,16,1,50746.97965999999,2001
1009,16,1,52369.48153999999,2002
1010,16,1,27808.863960000002,2003
1011,16,1,53260.09200999999,2004
1012,16,1,131759.54737,2005
1013,16,1,31193.712120000004,2006
1014,16,1,26154.211049999998,2007
1015,16,1,40511.991420000006,2008
1016,16,1,26051.76674,2009
1017,16,1,33414.64739,2010
1018,16,1,30337.628969999998,2011
1019,16,1,45840.08646,2012
1020,16,1,39369.830069999996,2013
1021,16,1,50158.022520000006,2014
1022,16,1,40586.2005,2015
1023,16,1,70912.85244999999,2016
1024,16,1,68876.216,2017
1025,16,1,69335.51063,2018
1026,16,1,68782.92632,2019
1027,16,1,72789.04735000001,2020
1028,16,1,95323.69173,2021
1029,16,2,18527.57554,2001
1030,16,2,18064.29454,2002
1031,16,2,10717.94385,2003
1032,16,2,15025.864379999997,2004
1033,16,2,41108.683419999994,2005
1034,16,2,10359.701200000001,2006
1035,16,2,10095.345530000002,2007
1036,16,2,15310.51449,2008
1037,16,2,10723.661509999998,2009
1038,16,2,10260.848859999996,2010
1039,16,2,9279.12129,2011
1040,16,2,18979.110850000005,2012
1041,16,2,13196.684379999999,2013
1042,16,2,17124.37219,2014
1043,16,2,12845.18896,2015
1044,16,2,26801.7363,2016
1045,16,2,26480.80648,2017
1046,16,2,23760.492890000005,2018
1047,16,2,23518.136479999997,2019
1048,16,2,25390.561519999996,2020
1049,16,2,33394.02461,2021
1050,16,4,121.11111000000001,2001
1051,16,4,9.60719,2002
1052,16,4,27.08168,2003
1053,16,4,22.84544,2004
1054,16,4,109.15886,2005
1055,16,4,19.59262,2006
1056,16,4,28.0651,2007
1057,16,4,13.23825,2008
1058,16,4,8.92637,2009
1059,16,4,43.49712,2010
1060,16,4,42.81629,2011
1061,16,4,39.71476,2012
1062,16,4,87.82636,2013
1063,16,4,38.12617,2014
1064,16,4,21.3325,2015
1065,16,4,74.28551999999999,2016
1066,16,4,95.31543,2017
1067,16,4,36.15934,2018
1068,16,4,9.4559,2019
1069,16,4,10.21237,2020
1070,16,4,17.24755,2021
1071,17,1,50746.97965999999,2001
1072,17,1,52369.48153999999,2002
1073,17,1,27808.863960000002,2003
1074,17,1,53260.09200999999,2004
1075,17,1,131759.54737,2005
1076,17,1,31193.712120000004,2006
1077,17,1,26154.211049999998,2007
1078,17,1,40511.991420000006,2008
1079,17,1,26051.76674,2009
1080,17,1,33414.64739,2010
1081,17,1,30337.628969999998,2011
1082,17,1,45840.08646,2012
1083,17,1,39369.830069999996,2013
1084,17,1,50158.022520000006,2014
1085,17,1,40586.2005,2015
1086,17,1,70912.85244999999,2016
1087,17,1,68876.216,2017
1088,17,1,69335.51063,2018
1089,17,1,68782.92632,2019
1090,17,1,72789.04735000001,2020
1091,17,1,95323.69173,2021
1092,17,2,18527.57554,2001
1093,17,2,18064.29454,2002
1094,17,2,10717.94385,2003
1095,17,2,15025.864379999997,2004
1096,17,2,41108.683419999994,2005
1097,17,2,10359.701200000001,2006
1098,17,2,10095.345530000002,2007
1099,17,2,15310.51449,2008
1100,17,2,10723.661509999998,2009
1101,17,2,10260.848859999996,2010
1102,17,2,9279.12129,2011
1103,17,2,18979.110850000005,2012
1104,17,2,13196.684379999999,2013
1105,17,2,17124.37219,2014
1106,17,2,12845.18896,2015
1107,17,2,26801.7363,2016
1108,17,2,26480.80648,2017
1109,17,2,23760.492890000005,2018
1110,17,2,23518.136479999997,2019
1111,17,2,25390.561519999996,2020
1112,17,2,33394.02461,2021
1113,17,4,121.11111000000001,2001
1114,17,4,9.60719,2002
1115,17,4,27.08168,2003
1116,17,4,22.84544,2004
1117,17,4,109.15886,2005
1118,17,4,19.59262,2006
1119,17,4,28.0651,2007
1120,17,4,13.23825,2008
1121,17,4,8.92637,2009
1122,17,4,43.49712,2010
1123,17,4,42.81629,2011
1124,17,4,39.71476,2012
1125,17,4,87.82636,2013
1126,17,4,38.12617,2014
1127,17,4,21.3325,2015
1128,17,4,74.28551999999999,2016
1129,17,4,95.31543,2017
1130,17,4,36.15934,2018
1131,17,4,9.4559,2019
1132,17,4,10.21237,2020
1133,17,4,17.24755,2021
1134,18,1,50746.97965999999,2001
1135,18,1,52369.48153999999,2002
1136,18,1,27808.863960000002,2003
1137,18,1,53260.09200999999,2004
1138,18,1,131759.54737,2005
1139,18,1,31193.712120000004,2006
1140,18,1,26154.211049999998,2007
1141,18,1,40511.991420000006,2008
1142,18,1,26051.76674,2009
1143,18,1,33414.64739,2010
1144,18,1,30337.628969999998,2011
1145,18,1,45840.08646,2012
1146,18,1,39369.830069999996,2013
1147,18,1,50158.022520000006,2014
1148,18,1,40586.2005,2015
1149,18,1,70912.85244999999,2016
1150,18,1,68876.216,2017
1151,18,1,69335.51063,2018
1152,18,1,68782.92632,2019
1153,18,1,72789.04735000001,2020
1154,18,1,95323.69173,2021
1155,18,2,18527.57554,2001
1156,18,2,18064.29454,2002
1157,18,2,10717.94385,2003
1158,18,2,15025.864379999997,2004
1159,18,2,41108.683419999994,2005
1160,18,2,10359.701200000001,2006
1161,18,2,10095.345530000002,2007
1162,18,2,15310.51449,2008
1163,18,2,10723.661509999998,2009
1164,18,2,10260.848859999996,2010
1165,18,2,9279.12129,2011
1166,18,2,18979.110850000005,2012
1167,18,2,13196.684379999999,2013
1168,18,2,17124.37219,2014
1169,18,2,12845.18896,2015
1170,18,2,26801.7363,2016
1171,18,2,26480.80648,2017
1172,18,2,23760.492890000005,2018
1173,18,2,23518.136479999997,2019
1174,18,2,25390.561519999996,2020
1175,18,2,33394.02461,2021
1176,18,4,121.11111000000001,2001
1177,18,4,9.60719,2002
1178,18,4,27.08168,2003
1179,18,4,22.84544,2004
1180,18,4,109.15886,2005
1181,18,4,19.59262,2006
1182,18,4,28.0651,2007
1183,18,4,13.23825,2008
1184,18,4,8.92637,2009
1185,18,4,43.49712,2010
1186,18,4,42.81629,2011
1187,18,4,39.71476,2012
1188,18,4,87.82636,2013
1189,18,4,38.12617,2014
1190,18,4,21.3325,2015
1191,18,4,74.28551999999999,2016
1192,18,4,95.31543,2017
1193,18,4,36.15934,2018
1194,18,4,9.4559,2019
1195,18,4,10.21237,2020
1196,18,4,17.24755,2021
1197,19,1,50746.97965999999,2001
1198,19,1,52369.48153999999,2002
1199,19,1,27808.863960000002,2003
1200,19,1,53260.09200999999,2004
1201,19,1,131759.54737,2005
1202,19,1,31193.712120000004,2006
1203,19,1,26154.211049999998,2007
1204,19,1,40511.991420000006,2008
1205,19,1,26051.76674,2009
1206,19,1,33414.64739,2010
1207,19,1,30337.628969999998,2011
1208,19,1,45840.08646,2012
1209,19,1,39369.830069999996,2013
1210,19,1,50158.022520000006,2014
1211,19,1,40586.2005,2015
1212,19,1,70912.85244999999,2016
1213,19,1,68876.216,2017
1214,19,1,69335.51063,2018
1215,19,1,68782.92632,2019
1216,19,1,72789.04735000001,2020
1217,19,1,95323.69173,2021
1218,19,2,18527.57554,2001
1219,19,2,18064.29454,2002
1220,19,2,10717.94385,2003
1221,19,2,15025.864379999997,2004
1222,19,2,41108.683419999994,2005
1223,19,2,10359.701200000001,2006
1224,19,2,10095.345530000002,2007
1225,19,2,15310.51449,2008
1226,19,2,10723.661509999998,2009
1227,19,2,10260.848859999996,2010
1228,19,2,9279.12129,2011
1229,19,2,18979.110850000005,2012
1230,19,2,13196.684379999999,2013
1231,19,2,17124.37219,2014
1232,19,2,12845.18896,2015
1233,19,2,26801.7363,2016
1234,19,2,26480.80648,2017
1235,19,2,23760.492890000005,2018
1236,19,2,23518.136479999997,2019
1237,19,2,25390.561519999996,2020
1238,19,2,33394.02461,2021
1239,19,4,121.11111000000001,2001
1240,19,4,9.60719,2002
1241,19,4,27.08168,2003
1242,19,4,22.84544,2004
1243,19,4,109.15886,2005
1244,19,4,19.59262,2006
1245,19,4,28.0651,2007
1246,19,4,13.23825,2008
1247,19,4,8.92637,2009
1248,19,4,43.49712,2010
1249,19,4,42.81629,2011
1250,19,4,39.71476,2012
1251,19,4,87.82636,2013
1252,19,4,38.12617,2014
1253,19,4,21.3325,2015
1254,19,4,74.28551999999999,2016
1255,19,4,95.31543,2017
1256,19,4,36.15934,2018
1257,19,4,9.4559,2019
1258,19,4,10.21237,2020
1259,19,4,17.24755,2021
1260,20,1,50746.97965999999,2001
1261,20,1,52369.48153999999,2002
1262,20,1,27808.863960000002,2003
1263,20,1,53260.09200999999,2004
1264,20,1,131759.54737,2005
1265,20,1,31193.712120000004,2006
1266,20,1,26154.211049999998,2007
1267,20,1,40511.991420000006,2008
1268,20,1,26051.76674,2009
1269,20,1,33414.64739,2010
1270,20,1,30337.628969999998,2011
1271,20,1,45840.08646,2012
1272,20,1,39369.830069999996,2013
1273,20,1,50158.022520000006,2014
1274,20,1,40586.2005,2015
1275,20,1,70912.85244999999,2016
1276,20,1,68876.216,2017
1277,20,1,69335.51063,2018
1278,20,1,68782.92632,2019
1279,20,1,72789.04735000001,2020
1280,20,1,95323.69173,2021
1281,20,2,18527.57554,2001
1282,20,2,18064.29454,2002
1283,20,2,10717.94385,2003
1284,20,2,15025.864379999997,2004
1285,20,2,41108.683419999994,2005
1286,20,2,10359.701200000001,2006
1287,20,2,10095.345530000002,2007
1288,20,2,15310.51449,2008
1289,20,2,10723.661509999998,2009
1290,20,2,10260.848859999996,2010
1291,20,2,9279.12129,2011
1292,20,2,18979.110850000005,2012
1293,20,2,13196.684379999999,2013
1294,20,2,17124.37219,2014
1295,20,2,12845.18896,2015
1296,20,2,26801.7363,2016
1297,20,2,26480.80648,2017
1298,20,2,23760.492890000005,2018
1299,20,2,23518.136479999997,2019
1300,20,2,25390.561519999996,2020
1301,20,2,33394.02461,2021
1302,20,4,121.11111000000001,2001
1303,20,4,9.60719,2002
1304,20,4,27.08168,2003
1305,20,4,22.84544,2004
1306,20,4,109.15886,2005
1307,20,4,19.59262,2006
1308,20,4,28.0651,2007
1309,20,4,13.23825,2008
1310,20,4,8.92637,2009
1311,20,4,43.49712,2010
1312,20,4,42.81629,2011
1313,20,4,39.71476,2012
1314,20,4,87.82636,2013
1315,20,4,38.12617,2014
1316,20,4,21.3325,2015
1317,20,4,74.28551999999999,2016
1318,20,4,95.31543,2017
1319,20,4,36.15934,2018
1320,20,4,9.4559,2019
1321,20,4,10.21237,2020
1322,20,4,17.24755,2021
1323,21,1,110.02423999999999,2001
1324,21,1,19.7421,2002
1325,21,1,50.49421,2003
1326,21,1,18.29941,2004
1327,21,1,42.74923,2005
1328,21,1,67.88245,2006
1329,21,1,176.38806,2007
1330,21,1,234.47539,2008
1331,21,1,74.18473,2009
1332,21,1,76.99418,2010
1333,21,1,160.82217,2011
1334,21,1,62.11168,2012
1335,21,1,23.462720000000004,2013
1336,21,1,32.57447,2014
1337,21,1,21.260730000000002,2015
1338,21,1,52.164699999999996,2016
1339,21,1,17.919749999999997,2017
1340,21,1,30.52433,2018
1341,21,1,167.35225,2019
1342,21,1,268.56847999999997,2020
1343,21,1,42.14178,2021
1344,21,2,8907.931190000001,2001
1345,21,2,5412.58731,2002
1346,21,2,9323.000979999999,2003
1347,21,2,2044.41846,2004
1348,21,2,6795.02156,2005
1349,21,2,9689.816730000002,2006
1350,21,2,4697.96619,2007
1351,21,2,6866.03528,2008
1352,21,2,4360.66531,2009
1353,21,2,8308.9927,2010
1354,21,2,3341.8425500000003,2011
1355,21,2,7958.20623,2012
1356,21,2,4260.54665,2013
1357,21,2,3960.04709,2014
1358,21,2,1036.0442699999999,2015
1359,21,2,2339.56847,2016
1360,21,2,4635.00167,2017
1361,21,2,3295.54601,2018
1362,21,2,2205.70921,2019
1363,21,2,2847.23101,2020
1364,21,2,3002.9275500000003,2021
1365,21,3,58.466989999999996,2001
1366,21,3,40.01571,2002
1367,21,3,76.23488,2003
1368,21,3,23.84238,2004
1369,21,3,91.57297,2005
1370,21,3,85.11882,2006
1371,21,3,110.02423999999999,2007
1372,21,3,58.54291,2008
1373,21,3,45.103100000000005,2009
1374,21,3,130.07005999999998,2010
1375,21,3,9.491389999999999,2011
1376,21,3,26.803689999999996,2012
1377,21,3,61.656090000000006,2013
1378,21,3,87.24489,2014
1379,21,3,3.4168999999999996,2015
1380,21,3,13.287949999999999,2016
1381,21,3,16.85672,2017
1382,21,3,30.524320000000003,2018
1383,21,3,9.33952,2019
1384,21,3,118.52853,2020
1385,21,3,61.04864,2021
1386,21,5,27.03149,2001
1387,21,5,19.81803,2002
1388,21,5,26.87963,2003
1389,21,5,59.37816,2005
1390,21,5,29.91687,2006
1391,21,5,13.06016,2007
1392,21,5,18.375339999999998,2008
1393,21,5,61.200509999999994,2009
1394,21,5,40.09165,2010
1395,21,5,22.32376,2011
1396,21,5,86.71337,2012
1397,21,5,55.961259999999996,2013
1398,21,5,29.765009999999997,2014
1399,21,5,8.95988,2015
1400,21,5,13.439810000000001,2016
1401,21,5,17.767889999999998,2017
1402,21,5,3.7206300000000003,2018
1403,21,5,12.75643,2019
1404,21,5,14.35099,2020
1405,21,5,13.363879999999998,2021
1406,22,1,110.02423999999999,2001
1407,22,1,19.7421,2002
1408,22,1,50.49421,2003
1409,22,1,18.29941,2004
1410,22,1,42.74923,2005
1411,22,1,67.88245,2006
1412,22,1,176.38806,2007
1413,22,1,234.47539,2008
1414,22,1,74.18473,2009
1415,22,1,76.99418,2010
1416,22,1,160.82217,2011
1417,22,1,62.11168,2012
1418,22,1,23.462720000000004,2013
1419,22,1,32.57447,2014
1420,22,1,21.260730000000002,2015
1421,22,1,52.164699999999996,2016
1422,22,1,17.919749999999997,2017
1423,22,1,30.52433,2018
1424,22,1,167.35225,2019
1425,22,1,268.56847999999997,2020
1426,22,1,42.14178,2021
1427,22,2,8907.931190000001,2001
1428,22,2,5412.58731,2002
1429,22,2,9323.000979999999,2003
1430,22,2,2044.41846,2004
1431,22,2,6795.02156,2005
1432,22,2,9689.816730000002,2006
1433,22,2,4697.96619,2007
1434,22,2,6866.03528,2008
1435,22,2,4360.66531,2009
1436,22,2,8308.9927,2010
1437,22,2,3341.8425500000003,2011
1438,22,2,7958.20623,2012
1439,22,2,4260.54665,2013
1440,22,2,3960.04709,2014
1441,22,2,1036.0442699999999,2015
1442,22,2,2339.56847,2016
1443,22,2,4635.00167,2017
1444,22,2,3295.54601,2018
1445,22,2,2205.70921,2019
1446,22,2,2847.23101,2020
1447,22,2,3002.9275500000003,2021
1448,22,3,58.466989999999996,2001
1449,22,3,40.01571,2002
1450,22,3,76.23488,2003
1451,22,3,23.84238,2004
1452,22,3,91.57297,2005
1453,22,3,85.11882,2006
1454,22,3,110.02423999999999,2007
1455,22,3,58.54291,2008
1456,22,3,45.103100000000005,2009
1457,22,3,130.07005999999998,2010
1458,22,3,9.491389999999999,2011
1459,22,3,26.803689999999996,2012
1460,22,3,61.656090000000006,2013
1461,22,3,87.24489,2014
1462,22,3,3.4168999999999996,2015
1463,22,3,13.287949999999999,2016
1464,22,3,16.85672,2017
1465,22,3,30.524320000000003,2018
1466,22,3,9.33952,2019
1467,22,3,118.52853,2020
1468,22,3,61.04864,2021
1469,22,5,27.03149,2001
1470,22,5,19.81803,2002
1471,22,5,26.87963,2003
1472,22,5,59.37816,2005
1473,22,5,29.91687,2006
1474,22,5,13.06016,2007
1475,22,5,18.375339999999998,2008
1476,22,5,61.200509999999994,2009
1477,22,5,40.09165,2010
1478,22,5,22.32376,2011
1479,22,5,86.71337,2012
1480,22,5,55.961259999999996,2013
1481,22,5,29.765009999999997,2014
1482,22,5,8.95988,2015
1483,22,5,13.439810000000001,2016
1484,22,5,17.767889999999998,2017
1485,22,5,3.7206300000000003,2018
1486,22,5,12.75643,2019
1487,22,5,14.35099,2020
1488,22,5,13.363879999999998,2021
1489,23,1,110.02423999999999,2001
1490,23,1,19.7421,2002
1491,23,1,50.49421,2003
1492,23,1,18.29941,2004
1493,23,1,42.74923,2005
1494,23,1,67.88245,2006
1495,23,1,176.38806,2007
1496,23,1,234.47539,2008
1497,23,1,74.18473,2009
1498,23,1,76.99418,2010
1499,23,1,160.82217,2011
1500,23,1,62.11168,2012
1501,23,1,23.462720000000004,2013
1502,23,1,32.57447,2014
1503,23,1,21.260730000000002,2015
1504,23,1,52.164699999999996,2016
1505,23,1,17.919749999999997,2017
1506,23,1,30.52433,2018
1507,23,1,167.35225,2019
1508,23,1,268.56847999999997,2020
1509,23,1,42.14178,2021
1510,23,2,8907.931190000001,2001
1511,23,2,5412.58731,2002
1512,23,2,9323.000979999999,2003
1513,23,2,2044.41846,2004
1514,23,2,6795.02156,2005
1515,23,2,9689.816730000002,2006
1516,23,2,4697.96619,2007
1517,23,2,6866.03528,2008
1518,23,2,4360.66531,2009
1519,23,2,8308.9927,2010
1520,23,2,3341.8425500000003,2011
1521,23,2,7958.20623,2012
1522,23,2,4260.54665,2013
1523,23,2,3960.04709,2014
1524,23,2,1036.0442699999999,2015
1525,23,2,2339.56847,2016
1526,23,2,4635.00167,2017
1527,23,2,3295.54601,2018
1528,23,2,2205.70921,2019
1529,23,2,2847.23101,2020
1530,23,2,3002.9275500000003,2021
1531,23,3,58.466989999999996,2001
1532,23,3,40.01571,2002
1533,23,3,76.23488,2003
1534,23,3,23.84238,2004
1535,23,3,91.57297,2005
1536,23,3,85.11882,2006
1537,23,3,110.02423999999999,2007
1538,23,3,58.54291,2008
1539,23,3,45.103100000000005,2009
1540,23,3,130.07005999999998,2010
1541,23,3,9.491389999999999,2011
1542,23,3,26.803689999999996,2012
1543,23,3,61.656090000000006,2013
1544,23,3,87.24489,2014
1545,23,3,3.4168999999999996,2015
1546,23,3,13.287949999999999,2016
1547,23,3,16.85672,2017
1548,23,3,30.524320000000003,2018
1549,23,3,9.33952,2019
1550,23,3,118.52853,2020
1551,23,3,61.04864,2021
1552,23,5,27.03149,2001
1553,23,5,19.81803,2002
1554,23,5,26.87963,2003
1555,23,5,59.37816,2005
1556,23,5,29.91687,2006
1557,23,5,13.06016,2007
1558,23,5,18.375339999999998,2008
1559,23,5,61.200509999999994,2009
1560,23,5,40.09165,2010
1561,23,5,22.32376,2011
1562,23,5,86.71337,2012
1563,23,5,55.961259999999996,2013
1564,23,5,29.765009999999997,2014
1565,23,5,8.95988,2015
1566,23,5,13.439810000000001,2016
1567,23,5,17.767889999999998,2017
1568,23,5,3.7206300000000003,2018
1569,23,5,12.75643,2019
1570,23,5,14.35099,2020
1571,23,5,13.363879999999998,2021
1572,24,1,110.02423999999999,2001
1573,24,1,19.7421,2002
1574,24,1,50.49421,2003
1575,24,1,18.29941,2004
1576,24,1,42.74923,2005
1577,24,1,67.88245,2006
1578,24,1,176.38806,2007
1579,24,1,234.47539,2008
1580,24,1,74.18473,2009
1581,24,1,76.99418,2010
1582,24,1,160.82217,2011
1583,24,1,62.11168,2012
1584,24,1,23.462720000000004,2013
1585,24,1,32.57447,2014
1586,24,1,21.260730000000002,2015
1587,24,1,52.164699999999996,2016
1588,24,1,17.919749999999997,2017
1589,24,1,30.52433,2018
1590,24,1,167.35225,2019
1591,24,1,268.56847999999997,2020
1592,24,1,42.14178,2021
1593,24,2,8907.931190000001,2001
1594,24,2,5412.58731,2002
1595,24,2,9323.000979999999,2003
1596,24,2,2044.41846,2004
1597,24,2,6795.02156,2005
1598,24,2,9689.816730000002,2006
1599,24,2,4697.96619,2007
1600,24,2,6866.03528,2008
1601,24,2,4360.66531,2009
1602,24,2,8308.9927,2010
1603,24,2,3341.8425500000003,2011
1604,24,2,7958.20623,2012
1605,24,2,4260.54665,2013
1606,24,2,3960.04709,2014
1607,24,2,1036.0442699999999,2015
1608,24,2,2339.56847,2016
1609,24,2,4635.00167,2017
1610,24,2,3295.54601,2018
1611,24,2,2205.70921,2019
1612,24,2,2847.23101,2020
1613,24,2,3002.9275500000003,2021
1614,24,3,58.466989999999996,2001
1615,24,3,40.01571,2002
1616,24,3,76.23488,2003
1617,24,3,23.84238,2004
1618,24,3,91.57297,2005
1619,24,3,85.11882,2006
1620,24,3,110.02423999999999,2007
1621,24,3,58.54291,2008
1622,24,3,45.103100000000005,2009
1623,24,3,130.07005999999998,2010
1624,24,3,9.491389999999999,2011
1625,24,3,26.803689999999996,2012
1626,24,3,61.656090000000006,2013
1627,24,3,87.24489,2014
1628,24,3,3.4168999999999996,2015
1629,24,3,13.287949999999999,2016
1630,24,3,16.85672,2017
1631,24,3,30.524320000000003,2018
1632,24,3,9.33952,2019
1633,24,3,118.52853,2020
1634,24,3,61.04864,2021
1635,24,5,27.03149,2001
1636,24,5,19.81803,2002
1637,24,5,26.87963,2003
1638,24,5,59.37816,2005
1639,24,5,29.91687,2006
1640,24,5,13.06016,2007
1641,24,5,18.375339999999998,2008
1642,24,5,61.200509999999994,2009
1643,24,5,40.09165,2010
1644,24,5,22.32376,2011
1645,24,5,86.71337,2012
1646,24,5,55.961259999999996,2013
1647,24,5,29.765009999999997,2014
1648,24,5,8.95988,2015
1649,24,5,13.439810000000001,2016
1650,24,5,17.767889999999998,2017
1651,24,5,3.7206300000000003,2018
1652,24,5,12.75643,2019
1653,24,5,14.35099,2020
1654,24,5,13.363879999999998,2021
1655,25,1,110.02423999999999,2001
1656,25,1,19.7421,2002
1657,25,1,50.49421,2003
1658,25,1,18.29941,2004
1659,25,1,42.74923,2005
1660,25,1,67.88245,2006
1661,25,1,176.38806,2007
1662,25,1,234.47539,2008
1663,25,1,74.18473,2009
1664,25,1,76.99418,2010
1665,25,1,160.82217,2011
1666,25,1,62.11168,2012
1667,25,1,23.462720000000004,2013
1668,25,1,32.57447,2014
1669,25,1,21.260730000000002,2015
1670,25,1,52.164699999999996,2016
1671,25,1,17.919749999999997,2017
1672,25,1,30.52433,2018
1673,25,1,167.35225,2019
1674,25,1,268.56847999999997,2020
1675,25,1,42.14178,2021
1676,25,2,8907.931190000001,2001
1677,25,2,5412.58731,2002
1678,25,2,9323.000979999999,2003
1679,25,2,2044.41846,2004
1680,25,2,6795.02156,2005
1681,25,2,9689.816730000002,2006
1682,25,2,4697.96619,2007
1683,25,2,6866.03528,2008
1684,25,2,4360.66531,2009
1685,25,2,8308.9927,2010
1686,25,2,3341.8425500000003,2011
1687,25,2,7958.20623,2012
1688,25,2,4260.54665,2013
1689,25,2,3960.04709,2014
1690,25,2,1036.0442699999999,2015
1691,25,2,2339.56847,2016
1692,25,2,4635.00167,2017
1693,25,2,3295.54601,2018
1694,25,2,2205.70921,2019
1695,25,2,2847.23101,2020
1696,25,2,3002.9275500000003,2021
1697,25,3,58.466989999999996,2001
1698,25,3,40.01571,2002
1699,25,3,76.23488,2003
1700,25,3,23.84238,2004
1701,25,3,91.57297,2005
1702,25,3,85.11882,2006
1703,25,3,110.02423999999999,2007
1704,25,3,58.54291,2008
1705,25,3,45.103100000000005,2009
1706,25,3,130.07005999999998,2010
1707,25,3,9.491389999999999,2011
1708,25,3,26.803689999999996,2012
1709,25,3,61.656090000000006,2013
1710,25,3,87.24489,2014
1711,25,3,3.4168999999999996,2015
1712,25,3,13.287949999999999,2016
1713,25,3,16.85672,2017
1714,25,3,30.524320000000003,2018
1715,25,3,9.33952,2019
1716,25,3,118.52853,2020
1717,25,3,61.04864,2021
1718,25,5,27.03149,2001
1719,25,5,19.81803,2002
1720,25,5,26.87963,2003
1721,25,5,59.37816,2005
1722,25,5,29.91687,2006
1723,25,5,13.06016,2007
1724,25,5,18.375339999999998,2008
1725,25,5,61.200509999999994,2009
1726,25,5,40.09165,2010
1727,25,5,22.32376,2011
1728,25,5,86.71337,2012
1729,25,5,55.961259999999996,2013
1730,25,5,29.765009999999997,2014
1731,25,5,8.95988,2015
1732,25,5,13.439810000000001,2016
1733,25,5,17.767889999999998,2017
1734,25,5,3.7206300000000003,2018
1735,25,5,12.75643,2019
1736,25,5,14.35099,2020
1737,25,5,13.363879999999998,2021
1738,26,1,110.02423999999999,2001
1739,26,1,19.7421,2002
1740,26,1,50.49421,2003
1741,26,1,18.29941,2004
1742,26,1,42.74923,2005
1743,26,1,67.88245,2006
1744,26,1,176.38806,2007
1745,26,1,234.47539,2008
1746,26,1,74.18473,2009
1747,26,1,76.99418,2010
1748,26,1,160.82217,2011
1749,26,1,62.11168,2012
1750,26,1,23.462720000000004,2013
1751,26,1,32.57447,2014
1752,26,1,21.260730000000002,2015
1753,26,1,52.164699999999996,2016
1754,26,1,17.919749999999997,2017
1755,26,1,30.52433,2018
1756,26,1,167.35225,2019
1757,26,1,268.56847999999997,2020
1758,26,1,42.14178,2021
1759,26,2,8907.931190000001,2001
1760,26,2,5412.58731,2002
1761,26,2,9323.000979999999,2003
1762,26,2,2044.41846,2004
1763,26,2,6795.02156,2005
1764,26,2,9689.816730000002,2006
1765,26,2,4697.96619,2007
1766,26,2,6866.03528,2008
1767,26,2,4360.66531,2009
1768,26,2,8308.9927,2010
1769,26,2,3341.8425500000003,2011
1770,26,2,7958.20623,2012
1771,26,2,4260.54665,2013
1772,26,2,3960.04709,2014
1773,26,2,1036.0442699999999,2015
1774,26,2,2339.56847,2016
1775,26,2,4635.00167,2017
1776,26,2,3295.54601,2018
1777,26,2,2205.70921,2019
1778,26,2,2847.23101,2020
1779,26,2,3002.9275500000003,2021
1780,26,3,58.466989999999996,2001
1781,26,3,40.01571,2002
1782,26,3,76.23488,2003
1783,26,3,23.84238,2004
1784,26,3,91.57297,2005
1785,26,3,85.11882,2006
1786,26,3,110.02423999999999,2007
1787,26,3,58.54291,2008
1788,26,3,45.103100000000005,2009
1789,26,3,130.07005999999998,2010
1790,26,3,9.491389999999999,2011
1791,26,3,26.803689999999996,2012
1792,26,3,61.656090000000006,2013
1793,26,3,87.24489,2014
1794,26,3,3.4168999999999996,2015
1795,26,3,13.287949999999999,2016
1796,26,3,16.85672,2017
1797,26,3,30.524320000000003,2018
1798,26,3,9.33952,2019
1799,26,3,118.52853,2020
1800,26,3,61.04864,2021
1801,26,5,27.03149,2001
1802,26,5,19.81803,2002
1803,26,5,26.87963,2003
1804,26,5,59.37816,2005
1805,26,5,29.91687,2006
1806,26,5,13.06016,2007
1807,26,5,18.375339999999998,2008
1808,26,5,61.200509999999994,2009
1809,26,5,40.09165,2010
1810,26,5,22.32376,2011
1811,26,5,86.71337,2012
1812,26,5,55.961259999999996,2013
1813,26,5,29.765009999999997,2014
1814,26,5,8.95988,2015
1815,26,5,13.439810000000001,2016
1816,26,5,17.767889999999998,2017
1817,26,5,3.7206300000000003,2018
1818,26,5,12.75643,2019
1819,26,5,14.35099,2020
1820,26,5,13.363879999999998,2021
